ID_Cliente;Ingreso_Mensual;Gasto_Marketing;Edad;Puntaje_Satisfaccion;Tiempo_Plataforma;Tipo_Suscripcion;Genero;Decision_Compra;Sector_Industrial;Nivel_Fidelidad
1;23235.21;1549.84;47;72;101.0;estándar;Femenino;Sí;Retail;Alto
2;20377.81;1431.16;48;94;102.6;Premium;No responde;Sí;Finanzas;Medio
3;23914.6;1214.91;55;66;49.1;estándar;Femenino;Sí;Tecnología;Medio
4;27853.63;1038.27;28;89;39.3;estándar;Femenino;Sí;Retail;Medio
5;19946.31;1374.56;52;70;50.8;básica;Femenino;Sí;Finanzas;Medio
6;19946.38;1298.37;25;51;107.5;estándar;Femenino;No;Retail;Alto
7;28106.46;1423.8;20;86;13.6;Premium;Femenino;Sí;Tecnología;Alto
8;24453.46;1358.79;31;55;295.3;estándar;Masculino;Sí;Retail;Bajo
9;18887.37;1462.39;30;93;30.4;estándar;Masculino;Sí;Finanzas;Medio
10;23441.52;1066.19;62;67;39.8;Premium;Masculino;Sí;Tecnología;Alto
11;18914.62;1529.35;49;79;97.6;estándar;Femenino;Sí;Retail;Medio
12;18904.22;1249.4;51;71;158.6;estándar;Masculino;Sí;Tecnología;Bajo
13;22088.83;1718.82;62;82;22.1;estándar;Femenino;No;Tecnología;Alto
14;12390.24;1027.7;36;79;55.9;estándar;Masculino;Sí;Retail;Bajo
15;13237.87;1633.99;55;66;425.6;básica;Femenino;Sí;Retail;Bajo
16;18469.71;1249.48;33;92;46.5;estándar;Masculino;Sí;Tecnología;Bajo
17;16442.26;1037.15;19;81;55.1;estándar;Masculino;Sí;Retail;Bajo
18;22414.11;1079.03;57;91;227.3;estándar;Masculino;No;Retail;Medio
19;16913.89;1119.91;34;100;16.2;estándar;Femenino;Sí;Retail;Medio
20;14644.63;1306.04;51;63;85.0;estándar;Femenino;No;Retail;Alto
21;27595.42;1330.71;59;59;67.3;básica;Femenino;Sí;Tecnología;Alto
22;19984.01;1056.57;33;96;55.7;estándar;Masculino;No;Finanzas;Medio
23;21303.88;1193.91;55;100;50.4;básica;Masculino;Sí;Retail;Medio
24;14588.63;1735.57;19;85;21.5;estándar;Femenino;No;Retail;Alto
25;18550.28;1631.89;19;83;55.4;Premium;Masculino;Sí;Finanzas;Medio
26;21499.15;1309.08;43;58;15.3;estándar;Masculino;Sí;Tecnología;Alto
27;15820.53;1209.5;30;91;192.2;estándar;Masculino;No;Tecnología;Bajo
28;22690.64;1230.01;64;77;70.9;básica;Femenino;No;Retail;Alto
29;18297.13;1353.38;48;60;80.4;básica;Femenino;Sí;Retail;Medio
30;19687.38;944.3;51;63;278.9;estándar;Femenino;Sí;Finanzas;Medio
31;18292.32;1135.66;56;88;138.8;básica;Masculino;Sí;Finanzas;Alto
32;29335.25;782.85;20;96;11.0;estándar;Femenino;No;Tecnología;Bajo
33;20939.26;1299.81;25;68;354.1;básica;Masculino;Sí;Retail;Medio
34;16240.3;1361.8;40;64;42.5;Premium;Masculino;Sí;Retail;Medio
35;24701.45;1079.2;31;77;23.7;estándar;Masculino;No;Tecnología;Alto
36;15506.2;1593.5;44;73;185.4;básica;Masculino;No;Finanzas;Medio
37;21939.89;893.56;46;57;93.3;Premium;Femenino;Sí;Finanzas;Alto
38;12181.48;833.91;56;92;78.3;básica;Femenino;No;Retail;Medio
39;15023.16;1256.11;56;58;44.4;básica;Masculino;No;Tecnología;Medio
40;21885.88;1461.77;18;96;105.1;estándar;Femenino;Sí;Tecnología;Bajo
41;24323.1;1620.98;34;82;48.5;estándar;Femenino;Sí;Tecnología;Medio
42;21771.16;1085.28;58;82;288.2;estándar;Femenino;No;Finanzas;Alto
43;20479.58;1469.67;47;68;39.1;básica;Femenino;Sí;Tecnología;Alto
44;19645.03;1190.37;30;52;268.9;estándar;Femenino;No;Finanzas;Medio
45;14346.65;1156.84;38;59;108.4;básica;Masculino;Sí;Retail;Alto
46;17760.7;1420.91;36;89;221.6;básica;Masculino;Sí;Retail;Alto
47;18927.13;1363.08;36;96;159.7;Premium;Masculino;No;Retail;Bajo
48;25757.05;805.9;42;91;153.2;estándar;Femenino;Sí;Retail;Alto
49;22546.28;1569.14;39;50;57.0;básica;Femenino;Sí;Retail;Bajo
50;13066.32;1545.02;48;78;42.0;estándar;Femenino;No;Finanzas;Alto
51;22458.38;1043.61;34;99;38.4;básica;Masculino;No;Retail;Bajo
52;19267.13;1298.95;40;83;243.6;Premium;Femenino;Sí;Retail;Medio
53;17953.85;1323.51;49;100;216.1;básica;Masculino;Sí;Retail;Medio
54;23752.54;1265.17;27;62;79.7;básica;Masculino;No;Tecnología;Alto
55;25639.5;1062.42;27;50;27.0;estándar;Femenino;No;Retail;Bajo
56;25190.76;1032.09;53;83;67.8;estándar;Femenino;Sí;Finanzas;Bajo
57;17223.52;1193.61;25;78;125.9;estándar;No responde;No;Tecnología;Medio
58;19608.54;1493.18;37;97;82.7;básica;No responde;No;Tecnología;Medio
59;22490.69;1335.9;49;96;191.8;básica;Femenino;Sí;Tecnología;Medio
60;25389.95;1107.35;31;62;735.0;estándar;Femenino;No;Retail;Alto
61;18843.72;1392.92;45;97;35.5;básica;No responde;Sí;Tecnología;Medio
62;20164.53;487.86;63;98;83.9;Premium;Femenino;Sí;Retail;Bajo
63;16021.49;1487.19;41;78;77.7;básica;Femenino;No;Tecnología;Medio
64;15617.07;765.07;32;88;53.6;estándar;Femenino;No;Tecnología;Alto
65;24656.37;1109.39;39;73;36.5;estándar;Masculino;No;Retail;Medio
66;27103.08;920.08;47;75;18.2;básica;Femenino;Sí;Tecnología;Medio
67;20675.95;876.33;21;66;271.8;estándar;Femenino;Sí;Finanzas;Alto
68;25515.9;1490.21;30;56;75.3;Premium;Femenino;Sí;Tecnología;Alto
69;22627.36;1083.07;40;62;92.4;básica;Masculino;Sí;Retail;Alto
70;18096.96;1286.63;25;54;308.6;Premium;No responde;Sí;Tecnología;Medio
71;22626.28;1188.27;35;75;189.7;estándar;Masculino;Sí;Tecnología;Alto
72;27921.16;1319.26;29;98;26.8;básica;Masculino;Sí;Finanzas;Medio
73;20838.78;1219.21;48;52;110.0;estándar;Masculino;No;Finanzas;Medio
74;28040.9;879.25;31;56;80.1;básica;Femenino;Sí;Tecnología;Medio
75;9211.15;1449.07;51;98;201.5;estándar;Femenino;Sí;Retail;Bajo
76;24698.56;1076.56;35;88;164.6;estándar;Masculino;Sí;Retail;Alto
77;21391.71;810.85;51;50;150.7;Premium;Femenino;Sí;Tecnología;Medio
78;19654.47;1092.97;28;98;60.0;Premium;Femenino;Sí;Tecnología;Bajo
79;21412.92;1575.19;58;66;206.1;estándar;Masculino;Sí;Finanzas;Alto
80;12055.94;1412.56;29;92;16.5;estándar;Femenino;No;Finanzas;Alto
81;20011.48;1112.84;32;74;30.9;básica;Femenino;Sí;Finanzas;Bajo
82;22607.01;1112.69;48;52;59.1;estándar;No responde;No;Finanzas;Bajo
83;27650.52;1119.59;46;64;19.6;básica;Masculino;No;Retail;Medio
84;18667.78;1719.19;43;78;42.1;estándar;Femenino;No;Tecnología;Alto
85;17361.78;1295.48;35;92;222.7;estándar;No responde;Sí;Tecnología;Medio
86;18742.09;1307.51;49;81;365.4;básica;Masculino;No;Tecnología;Alto
87;25119.31;1457.57;39;75;53.6;básica;Masculino;Sí;Retail;Medio
88;22479.38;1259.7;55;65;46.9;estándar;Femenino;Sí;Finanzas;Medio
89;18616.08;1135.24;34;74;49.4;estándar;Femenino;No;Finanzas;Bajo
90;23309.7;1150.91;40;77;49.0;estándar;Masculino;Sí;Finanzas;Alto
91;21436.85;1182.1;41;58;14.4;estándar;Masculino;Sí;Finanzas;Medio
92;25358.9;1190.69;25;50;323.9;estándar;Masculino;Sí;Finanzas;Alto
93;17840.76;1381.91;58;78;38.8;estándar;Femenino;Sí;Tecnología;Medio
94;19525.52;1212.99;23;71;75.4;básica;Femenino;Sí;Finanzas;Medio
95;19235.51;1383.16;22;65;11.2;básica;Masculino;Sí;Retail;Alto
96;14414.18;1179.82;61;90;244.2;estándar;Femenino;No;Tecnología;Medio
97;22332.54;1219.66;46;100;167.6;estándar;Masculino;No;Finanzas;Medio
98;22174.75;700.45;45;93;361.9;básica;Femenino;No;Finanzas;Bajo
99;21023.01;1429.08;28;100;192.6;estándar;Femenino;Sí;Tecnología;Medio
100;19944.36;1286.62;18;90;55.2;básica;Masculino;No;Tecnología;Bajo
101;14630.83;1449.5;60;56;44.2;estándar;Masculino;No;Retail;Medio
102;19107.1;475.94;36;63;153.6;estándar;Femenino;No;Retail;Alto
103;19457.78;1722.09;26;78;64.3;estándar;Femenino;Sí;Finanzas;Medio
104;17389.75;1165.1;44;68;110.2;Premium;Masculino;Sí;Tecnología;Medio
105;20274.21;1477.05;51;68;10.8;básica;Femenino;Sí;Tecnología;Medio
106;22818.23;940.02;61;51;17.7;Premium;Masculino;Sí;Tecnología;Medio
107;29487.84;1353.19;21;90;102.0;estándar;No responde;Sí;Tecnología;Medio
108;21785.6;936.65;53;94;110.2;estándar;Femenino;No;Tecnología;Alto
109;22158.98;1044.06;35;64;177.1;estándar;Masculino;Sí;Finanzas;Alto
110;20664.99;1678.51;32;52;27.0;estándar;Femenino;Sí;Tecnología;Medio
111;12365.53;1152.33;30;60;96.4;estándar;Masculino;Sí;Retail;Medio
112;20880.69;1254.36;36;95;35.9;estándar;Femenino;Sí;Tecnología;Medio
113;21271.04;1417.52;23;79;21.7;básica;No responde;Sí;Tecnología;Medio
114;32084.59;1323.92;65;89;73.4;básica;Femenino;No;Finanzas;Alto
115;20134.38;1237.6;29;67;31.4;estándar;Femenino;Sí;Retail;Medio
116;22356.96;1291.24;54;100;40.1;básica;No responde;No;Finanzas;Medio
117;20843.8;1800.85;34;97;55.8;estándar;Masculino;Sí;Retail;Medio
118;15740.95;1185.6;40;51;46.0;básica;Masculino;Sí;Tecnología;Medio
119;26142.7;1250.27;43;81;21.0;estándar;Femenino;Sí;Retail;Medio
120;24383.7;1462.66;46;57;21.3;Premium;Masculino;No;Tecnología;Medio
121;24559.64;1476.38;50;71;35.8;Premium;Femenino;Sí;Finanzas;Bajo
122;16907.76;1496.76;44;55;16.2;estándar;Femenino;No;Tecnología;Medio
123;27312.57;1359.68;42;61;128.2;estándar;Masculino;Sí;Retail;Medio
124;14691.67;914.25;27;96;50.6;Premium;Femenino;No;Tecnología;Medio
125;23640.86;1608.36;64;89;49.4;estándar;Masculino;No;Retail;Medio
126;30857.05;913.41;40;85;58.4;básica;Masculino;Sí;Finanzas;Medio
127;16542.59;1275.66;38;64;140.4;Premium;Masculino;No;Retail;Medio
128;18451.66;1011.43;38;77;255.4;estándar;Masculino;Sí;Retail;Medio
129;21448.43;1183.97;60;98;180.8;estándar;Masculino;No;Finanzas;Alto
130;18734.36;1282.19;30;94;166.0;básica;Femenino;Sí;Retail;Bajo
131;14022.01;1280.34;54;67;89.5;básica;Masculino;Sí;Tecnología;Medio
132;21308.53;1305.48;50;51;152.0;Premium;Femenino;No;Tecnología;Medio
133;16219.63;1603.43;41;62;106.6;estándar;Femenino;No;Retail;Medio
134;23131.17;1313.38;61;94;39.2;básica;Masculino;Sí;Retail;Alto
135;16862.59;1138.96;28;64;38.1;básica;Masculino;No;Tecnología;Alto
136;27974.7;1441.02;34;69;52.2;estándar;Masculino;Sí;Tecnología;Alto
137;17475.36;1497.37;21;78;300.0;estándar;Femenino;Sí;Finanzas;Medio
138;19550.72;893.1;64;91;105.1;básica;Masculino;No;Tecnología;Bajo
139;24660.83;1349.35;42;78;168.9;Premium;Femenino;Sí;Retail;Medio
140;15461.11;1375.29;47;52;61.1;básica;Masculino;Sí;Tecnología;Medio
141;22023.57;1125.61;26;68;72.9;estándar;Masculino;No;Finanzas;Medio
142;26882.14;1543.93;38;52;26.1;estándar;Masculino;Sí;Tecnología;Alto
143;13766.33;1162.49;37;63;32.5;básica;Femenino;No;Retail;Alto
144;21830.85;1231.39;36;89;220.8;Premium;Femenino;Sí;Tecnología;Medio
145;22169.47;1156.73;36;53;115.5;estándar;Femenino;Sí;Retail;Bajo
146;24518.2;1203.89;29;60;59.4;estándar;Masculino;Sí;Finanzas;Medio
147;15433.72;925.93;54;80;204.9;básica;Masculino;Sí;Tecnología;Medio
148;15057.95;839.99;59;92;44.0;básica;Femenino;No;Retail;Bajo
149;23348.74;1598.63;34;81;457.7;básica;Masculino;Sí;Retail;Alto
150;22336.43;988.26;54;76;60.7;estándar;Masculino;Sí;Tecnología;Medio
151;22127.22;952.15;65;79;59.4;estándar;Masculino;No;Finanzas;Medio
152;22559.02;661.65;56;92;54.9;Premium;Masculino;Sí;Tecnología;Medio
153;17939.89;1040.26;45;51;25.6;estándar;Masculino;No;Retail;Alto
154;22045.14;869.23;58;98;24.1;Premium;Femenino;Sí;Tecnología;Medio
155;22318.83;1610.5;52;58;135.3;estándar;Femenino;No;Tecnología;Medio
156;17785.42;1452.45;64;77;259.6;básica;Femenino;Sí;Tecnología;Alto
157;29395.99;1027.96;65;80;197.6;básica;No responde;No;Retail;Medio
158;23132.25;1763.11;35;83;28.3;estándar;Masculino;No;Retail;Alto
159;15639.13;1445.44;31;64;104.6;básica;Masculino;Sí;Retail;Bajo
160;23954.49;1118.79;52;97;23.4;básica;Femenino;Sí;Tecnología;Medio
161;16613.93;575.15;61;74;15.6;estándar;Femenino;No;Tecnología;Bajo
162;24541.88;1772.74;58;85;138.2;Premium;Femenino;Sí;Finanzas;Medio
163;26213.68;852.61;24;57;101.9;básica;Femenino;Sí;Finanzas;Alto
164;17306.93;788.65;58;58;20.3;estándar;Masculino;Sí;Tecnología;Alto
165;25335.19;1455.64;30;86;14.3;Premium;No responde;No;Retail;Alto
166;22857.51;1809.94;35;97;559.7;estándar;Masculino;Sí;Tecnología;Alto
167;24699.27;1546.07;54;94;13.7;básica;Masculino;Sí;Finanzas;Medio
168;29535.57;1340.98;30;88;80.6;básica;Femenino;Sí;Finanzas;Alto
169;19895.75;1348.69;53;81;94.3;estándar;Femenino;No;Finanzas;Medio
170;17608.19;1413.35;48;66;25.0;estándar;Femenino;No;Finanzas;Medio
171;16997.19;1389.73;19;84;32.2;Premium;Masculino;No;Tecnología;Medio
172;17328.85;1270.3;33;86;62.0;estándar;Masculino;Sí;Finanzas;Medio
173;20653.04;1226.05;26;68;182.1;básica;Femenino;No;Retail;Medio
174;22535.18;1184.35;26;93;94.9;básica;Femenino;Sí;Tecnología;Bajo
175;22245.11;1011.51;55;78;131.9;estándar;Femenino;Sí;Retail;Alto
176;24722.32;1129.83;28;56;515.4;básica;Femenino;Sí;Finanzas;Medio
177;21058.51;776.76;39;77;185.3;básica;Femenino;Sí;Finanzas;Medio
178;27540.9;1175.42;50;58;78.4;estándar;Femenino;No;Tecnología;Medio
179;19809.04;952.85;53;77;81.0;básica;Femenino;Sí;Retail;Medio
180;33240.76;924.1;62;55;125.7;básica;Masculino;No;Finanzas;Medio
181;23815.5;1244.97;40;78;141.4;estándar;Masculino;No;Tecnología;Medio
182;17142.79;1548.0;62;66;93.3;básica;Femenino;No;Retail;Medio
183;16180.98;1429.58;62;65;134.2;básica;Femenino;Sí;Retail;Bajo
184;23171.13;807.37;51;72;12.9;estándar;Femenino;Sí;Retail;Bajo
185;19994.42;952.59;26;80;77.4;Premium;Femenino;No;Tecnología;Medio
186;24213.0;1435.19;41;52;49.2;básica;Femenino;Sí;Retail;Alto
187;23129.57;954.38;25;70;26.6;estándar;Masculino;Sí;Finanzas;Bajo
188;20672.27;1143.84;24;75;22.6;estándar;Masculino;Sí;Retail;Bajo
189;17189.43;1337.51;53;85;120.9;estándar;Masculino;Sí;Finanzas;Alto
190;14183.19;957.91;35;91;99.0;Premium;Femenino;No;Tecnología;Medio
191;18990.68;1226.34;20;86;45.1;estándar;Masculino;Sí;Tecnología;Bajo
192;24853.79;866.49;45;71;86.4;Premium;Femenino;Sí;Retail;Medio
193;21963.42;1049.66;23;91;91.3;básica;Femenino;Sí;Tecnología;Alto
194;15394.18;1279.95;61;61;36.0;básica;Masculino;Sí;Finanzas;Medio
195;21779.31;801.75;61;91;136.7;Premium;Masculino;Sí;Tecnología;Bajo
196;22733.93;1310.12;38;62;192.2;estándar;Masculino;Sí;Retail;Bajo
197;17022.64;1195.09;45;60;198.1;básica;Masculino;Sí;Tecnología;Medio
198;21691.76;1338.12;57;65;120.7;estándar;Masculino;Sí;Finanzas;Medio
199;21261.94;1255.98;18;57;96.0;Premium;Masculino;Sí;Tecnología;Alto
200;15856.63;1541.04;53;89;17.6;Premium;Masculino;Sí;Tecnología;Bajo
201;22610.04;1231.31;38;89;50.7;básica;Masculino;Sí;Tecnología;Alto
202;23523.53;1092.65;60;94;21.7;Premium;Masculino;Sí;Finanzas;Bajo
203;25873.73;1230.57;52;51;408.3;básica;No responde;No;Tecnología;Medio
204;25742.11;1335.82;30;79;27.4;básica;Masculino;Sí;Tecnología;Bajo
205;14800.49;1212.22;27;79;29.8;estándar;Femenino;Sí;Tecnología;Alto
206;16779.79;1210.15;61;61;274.4;básica;Masculino;Sí;Retail;Medio
207;23317.66;1024.5;64;59;355.7;básica;Femenino;No;Tecnología;Alto
208;23312.04;1034.27;27;93;184.2;estándar;Femenino;Sí;Tecnología;Medio
209;23317.71;849.35;63;60;10.7;básica;Femenino;No;Tecnología;Bajo
210;38337.29;1637.39;30;64;10.2;básica;Masculino;Sí;Retail;Medio
211;23569.01;889.03;54;65;67.0;básica;Masculino;No;Retail;Medio
212;26110.05;1026.77;55;66;28.6;estándar;Femenino;No;Retail;Alto
213;25293.01;1020.4;41;75;12.2;estándar;Femenino;Sí;Finanzas;Bajo
214;23931.26;1423.73;19;51;84.8;estándar;Femenino;Sí;Finanzas;Medio
215;19581.29;1126.26;39;99;353.9;estándar;Masculino;Sí;Tecnología;Medio
216;24415.36;1511.94;34;61;57.0;estándar;Femenino;Sí;Finanzas;Medio
217;17522.29;1031.63;53;100;139.9;Premium;Femenino;Sí;Retail;Medio
218;19934.32;1269.75;31;75;136.7;básica;Femenino;Sí;Finanzas;Medio
219;18815.86;991.16;27;72;44.7;básica;Masculino;Sí;Retail;Medio
220;21368.43;1736.29;52;67;136.1;Premium;Femenino;Sí;Retail;Medio
221;31415.96;903.1;42;81;38.6;estándar;Masculino;Sí;Retail;Bajo
222;12597.31;1277.46;20;98;25.6;Premium;Femenino;Sí;Finanzas;Bajo
223;24088.17;1358.44;64;87;155.0;estándar;Masculino;Sí;Tecnología;Alto
224;13742.78;1303.45;55;96;24.4;estándar;Femenino;No;Tecnología;Medio
225;18876.31;1153.68;34;52;703.5;estándar;Masculino;Sí;Tecnología;Alto
226;25900.28;1167.54;29;87;34.3;estándar;Femenino;No;Tecnología;Alto
227;21289.26;1210.95;41;52;118.2;estándar;Masculino;Sí;Retail;Medio
228;16150.15;1163.25;46;79;73.6;estándar;Masculino;Sí;Tecnología;Bajo
229;17781.13;1440.97;60;50;26.2;estándar;Masculino;Sí;Tecnología;Alto
230;24058.19;1752.63;42;79;13.4;Premium;Masculino;Sí;Finanzas;Medio
231;17713.35;1060.63;53;94;127.0;básica;Femenino;No;Retail;Bajo
232;21974.06;857.55;43;81;207.3;básica;Masculino;No;Retail;Bajo
233;21205.07;1177.93;55;77;231.4;estándar;Masculino;Sí;Tecnología;Medio
234;18067.8;1844.93;18;70;89.1;estándar;Femenino;No;Tecnología;Medio
235;30647.75;999.08;37;95;190.3;Premium;Masculino;Sí;Finanzas;Medio
236;23852.64;1609.78;45;62;144.1;básica;Femenino;No;Finanzas;Alto
237;11886.86;1619.43;33;76;164.6;estándar;Femenino;No;Tecnología;Alto
238;21839.04;1061.6;64;85;91.4;estándar;Femenino;Sí;Finanzas;Alto
239;18021.96;1342.25;34;56;130.4;estándar;Femenino;Sí;Finanzas;Medio
240;24835.95;1607.1;57;71;206.5;Premium;Masculino;Sí;Finanzas;Bajo
241;17433.66;1105.22;45;59;70.9;básica;Femenino;No;Retail;Medio
242;20483.69;1149.1;29;88;206.8;estándar;Femenino;Sí;Tecnología;Medio
243;23272.44;1054.58;44;64;117.6;Premium;Femenino;No;Retail;Medio
244;24895.9;946.31;59;64;31.8;Premium;Masculino;No;Retail;Alto
245;15598.67;1037.68;64;53;13.0;estándar;Masculino;Sí;Tecnología;Medio
246;19494.74;894.01;47;81;64.1;estándar;Femenino;Sí;Finanzas;Bajo
247;18862.75;1208.52;58;72;104.9;básica;Femenino;No;Tecnología;Alto
248;18060.02;1007.51;51;55;229.8;estándar;Femenino;Sí;Retail;Alto
249;28944.54;1258.45;54;73;26.4;Premium;Masculino;No;Tecnología;Medio
250;22822.42;811.03;23;69;203.3;estándar;Masculino;Sí;Retail;Medio
251;15326.02;1282.72;24;86;248.5;básica;Femenino;Sí;Tecnología;Medio
252;25130.38;1408.38;49;69;29.6;básica;Femenino;Sí;Finanzas;Medio
253;30549.7;701.57;49;61;238.9;básica;Masculino;No;Retail;Medio
254;25646.09;1293.51;42;82;581.5;básica;Masculino;Sí;Finanzas;Alto
255;14162.84;1506.92;50;77;165.7;básica;Femenino;No;Finanzas;Medio
256;18820.95;897.59;24;57;194.3;estándar;Femenino;Sí;Retail;Medio
257;26701.1;1618.14;29;50;632.5;básica;Femenino;No;Finanzas;Bajo
258;17815.49;1304.75;33;86;121.6;básica;Masculino;Sí;Tecnología;Bajo
259;22997.19;1023.75;33;71;54.2;estándar;Masculino;Sí;Tecnología;Bajo
260;24485.85;1186.06;60;55;228.1;básica;Masculino;No;Tecnología;Medio
261;16828.81;1339.58;53;70;124.4;básica;Masculino;Sí;Tecnología;Medio
262;20732.14;1219.0;30;81;114.4;básica;Femenino;Sí;Finanzas;Medio
263;6414.3;1334.69;24;84;45.1;básica;Masculino;Sí;Tecnología;Bajo
264;16390.26;969.83;53;64;179.4;estándar;Masculino;No;Retail;Alto
265;19863.44;1242.34;64;54;20.2;básica;Femenino;No;Retail;Medio
266;15384.98;846.57;26;95;319.7;estándar;Masculino;Sí;Retail;Medio
267;28345.85;1172.19;49;99;57.3;Premium;Femenino;Sí;Retail;Medio
268;14564.36;974.02;28;97;26.4;estándar;Femenino;No;Finanzas;Alto
269;19019.8;1016.12;25;55;80.1;estándar;Masculino;Sí;Tecnología;Medio
270;21588.33;1509.02;50;74;15.2;Premium;Masculino;No;Tecnología;Medio
271;27485.73;1472.83;40;95;148.5;estándar;Masculino;Sí;Retail;Medio
272;14538.62;1352.28;42;89;289.6;básica;Femenino;No;Retail;Medio
273;26234.24;926.92;25;78;227.9;estándar;Masculino;No;Retail;Medio
274;21046.05;1120.9;62;56;26.3;Premium;Masculino;No;Finanzas;Bajo
275;16583.21;1503.27;39;89;26.2;básica;Femenino;No;Retail;Medio
276;23079.47;1235.43;21;62;211.5;básica;No responde;Sí;Retail;Medio
277;21895.77;1779.83;57;87;319.6;estándar;Masculino;Sí;Tecnología;Alto
278;18299.02;1298.33;20;67;84.1;Premium;Femenino;Sí;Retail;Alto
279;21314.11;1248.01;46;51;92.9;básica;Masculino;Sí;Retail;Medio
280;19266.09;1122.72;58;57;56.0;estándar;Femenino;Sí;Tecnología;Medio
281;21510.83;1233.39;46;60;279.6;básica;Femenino;No;Tecnología;Medio
282;23979.59;1161.88;51;82;134.2;estándar;Femenino;Sí;Finanzas;Alto
283;28137.08;1377.03;51;87;50.8;básica;No responde;Sí;Tecnología;Bajo
284;15429.83;1439.18;45;97;52.6;básica;Femenino;Sí;Tecnología;Medio
285;30598.65;1003.5;30;76;276.2;Premium;Masculino;No;Retail;Alto
286;12215.6;867.19;32;69;11.6;estándar;Femenino;Sí;Tecnología;Medio
287;20316.97;740.95;40;61;56.8;estándar;Masculino;Sí;Finanzas;Bajo
288;23647.43;1327.0;61;92;107.0;estándar;Masculino;No;Tecnología;Medio
289;22264.46;924.16;43;80;29.3;básica;Masculino;Sí;Retail;Medio
290;18197.85;661.78;21;76;21.6;estándar;Femenino;Sí;Retail;Medio
291;20063.45;1297.14;43;81;212.7;básica;Masculino;Sí;Finanzas;Alto
292;18781.5;1823.25;57;59;279.8;estándar;No responde;No;Tecnología;Medio
293;18347.86;1198.48;26;52;218.2;básica;Masculino;Sí;Retail;Alto
294;24823.21;1409.62;22;94;284.9;estándar;Masculino;No;Retail;Medio
295;22606.57;1220.46;49;76;106.7;Premium;Masculino;Sí;Retail;Alto
296;17881.91;1175.28;37;84;210.7;Premium;Femenino;No;Retail;Bajo
297;25048.2;1429.77;28;80;68.1;estándar;Masculino;Sí;Retail;Medio
298;22382.85;1127.43;32;64;141.7;básica;Masculino;Sí;Finanzas;Alto
299;24657.88;1266.85;49;65;549.4;estándar;Femenino;Sí;Tecnología;Medio
300;23833.33;1280.42;45;62;40.7;Premium;Femenino;Sí;Tecnología;Alto
301;17269.52;1032.98;39;98;69.3;básica;Femenino;Sí;Finanzas;Medio
302;18479.19;1448.01;58;84;88.5;Premium;Masculino;No;Tecnología;Medio
303;24362.82;1156.26;34;60;27.8;básica;Masculino;Sí;Finanzas;Alto
304;23746.67;1011.06;43;70;20.1;Premium;Femenino;No;Retail;Alto
305;20905.94;1334.13;61;100;222.4;Premium;Femenino;No;Retail;Medio
306;21527.97;975.38;24;60;461.6;Premium;Femenino;Sí;Tecnología;Alto
307;26749.49;1207.05;59;79;72.2;básica;Femenino;No;Tecnología;Medio
308;18337.93;1197.72;43;97;21.0;básica;Femenino;Sí;Retail;Medio
309;23461.94;1471.47;42;84;18.2;estándar;Masculino;Sí;Finanzas;Medio
310;20090.13;1318.67;27;71;276.3;básica;Femenino;No;Finanzas;Medio
311;20020.43;1193.74;62;87;84.8;básica;Masculino;No;Tecnología;Medio
312;25944.5;1404.44;36;80;56.3;estándar;Masculino;Sí;Tecnología;Bajo
313;24714.37;1547.55;28;63;87.7;estándar;Femenino;Sí;Tecnología;Alto
314;24660.79;1339.45;30;73;56.0;estándar;Masculino;Sí;Finanzas;Alto
315;26874.65;1202.59;25;99;90.6;estándar;Masculino;No;Tecnología;Alto
316;21094.52;872.04;57;98;245.6;básica;Masculino;Sí;Tecnología;Alto
317;24068.79;933.72;21;81;117.7;Premium;Femenino;Sí;Tecnología;Alto
318;19603.8;1123.69;64;85;152.4;básica;Femenino;Sí;Tecnología;Medio
319;22458.75;1047.62;48;81;64.4;estándar;Femenino;Sí;Finanzas;Medio
320;20414.36;1153.26;45;64;171.0;estándar;Femenino;Sí;Retail;Bajo
321;21436.48;1214.16;28;92;141.8;Premium;Femenino;Sí;Tecnología;Alto
322;23678.21;1332.42;60;84;25.3;básica;Femenino;Sí;Tecnología;Medio
323;17318.01;1182.38;18;52;112.0;estándar;Femenino;Sí;Tecnología;Bajo
324;30415.74;1321.63;64;65;45.6;estándar;Femenino;No;Tecnología;Bajo
325;16472.92;1216.12;55;54;205.6;básica;Femenino;Sí;Tecnología;Medio
326;15536.15;706.13;41;70;76.6;estándar;Femenino;No;Retail;Medio
327;26211.5;965.17;64;59;638.4;Premium;No responde;No;Tecnología;Bajo
328;24562.48;1163.98;48;68;21.6;Premium;Femenino;No;Tecnología;Medio
329;23808.54;897.58;58;74;191.9;básica;Masculino;No;Tecnología;Alto
330;23827.55;1349.98;63;53;144.4;básica;Femenino;Sí;Finanzas;Bajo
331;20944.89;1582.69;43;78;185.1;básica;Masculino;Sí;Retail;Medio
332;16962.36;1504.69;22;68;54.1;estándar;Femenino;Sí;Retail;Alto
333;21341.12;1146.64;37;92;91.3;básica;Masculino;Sí;Retail;Medio
334;17952.77;1572.68;58;51;201.1;básica;Masculino;No;Retail;Medio
335;25388.04;1237.17;28;59;41.8;Premium;Femenino;Sí;Tecnología;Bajo
336;20338.24;1115.73;50;92;40.7;Premium;Masculino;No;Finanzas;Alto
337;17285.26;1046.65;55;74;106.1;básica;Masculino;Sí;Tecnología;Bajo
338;19553.76;1124.38;44;69;99.0;básica;Femenino;No;Retail;Medio
339;22858.19;1102.96;51;97;49.8;estándar;Masculino;Sí;Finanzas;Medio
340;18463.24;1242.6;32;68;52.5;básica;Masculino;Sí;Retail;Alto
341;17300.01;1240.14;49;72;49.1;estándar;Masculino;Sí;Finanzas;Medio
342;22096.59;1200.76;38;73;187.2;estándar;Femenino;No;Retail;Bajo
343;22102.35;1309.23;63;60;136.6;Premium;Masculino;Sí;Finanzas;Medio
344;18718.76;1497.66;22;95;224.4;estándar;Masculino;No;Finanzas;Alto
345;18880.33;1437.39;23;83;455.0;estándar;Masculino;No;Finanzas;Medio
346;22044.22;828.78;55;77;87.1;estándar;Masculino;No;Finanzas;Medio
347;14483.62;561.52;39;54;18.3;básica;Femenino;Sí;Finanzas;Alto
348;14666.41;1433.58;35;54;15.9;estándar;Masculino;No;Retail;Medio
349;17767.0;858.28;31;100;52.1;estándar;Femenino;No;Tecnología;Medio
350;20039.49;1143.81;27;70;333.6;básica;Femenino;Sí;Tecnología;Medio
351;22399.08;907.47;63;61;98.9;básica;Masculino;Sí;Retail;Medio
352;27639.1;749.5;30;99;48.1;básica;Masculino;Sí;Finanzas;Alto
353;24859.47;1335.37;48;53;71.1;Premium;Femenino;Sí;Retail;Medio
354;20280.28;1389.79;47;98;119.5;básica;Masculino;Sí;Finanzas;Medio
355;20914.43;1055.87;20;91;137.0;básica;Femenino;No;Finanzas;Medio
356;16488.62;552.24;47;69;30.1;estándar;Femenino;Sí;Tecnología;Medio
357;20916.69;1063.44;23;87;462.8;estándar;Masculino;Sí;Tecnología;Alto
358;19701.04;1297.95;46;74;104.4;básica;Femenino;No;Tecnología;Bajo
359;22452.23;830.27;25;63;27.5;Premium;Femenino;Sí;Tecnología;Medio
360;17277.46;1245.84;61;60;278.9;Premium;Femenino;No;Retail;Medio
361;23337.06;1196.17;62;81;19.3;estándar;Masculino;Sí;Finanzas;Medio
362;27897.33;1344.82;60;60;296.0;estándar;Femenino;Sí;Finanzas;Medio
363;20510.58;1229.9;61;67;690.9;básica;Femenino;Sí;Retail;Alto
364;22807.7;956.73;50;76;154.6;básica;Masculino;Sí;Tecnología;Alto
365;24105.65;1499.14;34;67;186.6;estándar;Masculino;Sí;Tecnología;Alto
366;19194.51;1160.37;65;72;59.4;básica;Femenino;No;Retail;Medio
367;22008.42;1193.17;28;60;350.8;básica;Masculino;Sí;Tecnología;Alto
368;21056.67;966.68;30;70;100.5;estándar;Femenino;No;Tecnología;Alto
369;21439.54;1089.18;28;93;168.2;básica;No responde;Sí;Retail;Medio
370;17521.46;978.8;48;54;319.4;Premium;Femenino;Sí;Tecnología;Alto
371;21110.3;1156.76;45;72;453.5;básica;Femenino;No;Finanzas;Medio
372;23240.99;1627.93;61;90;224.9;estándar;Femenino;Sí;Tecnología;Medio
373;27530.15;857.02;23;74;53.3;estándar;Femenino;No;Tecnología;Alto
374;25316.72;796.61;58;90;417.7;estándar;Masculino;No;Tecnología;Medio
375;30689.32;1567.79;33;59;128.7;básica;Femenino;No;Tecnología;Alto
376;17546.94;1147.67;21;71;330.2;estándar;Femenino;Sí;Retail;Bajo
377;24925.44;1032.73;52;68;145.3;Premium;Masculino;Sí;Retail;Medio
378;21825.04;1459.98;65;50;54.0;estándar;Masculino;No;Retail;Alto
379;30854.11;1048.6;43;56;65.4;estándar;Femenino;No;Retail;Alto
380;17362.66;1656.5;29;53;105.9;estándar;Femenino;Sí;Tecnología;Medio
381;17221.25;1369.48;28;50;197.3;estándar;Femenino;Sí;Retail;Alto
382;18302.73;1078.02;54;64;55.9;estándar;Femenino;Sí;Tecnología;Alto
383;11442.47;1739.33;42;89;114.0;Premium;Femenino;Sí;Tecnología;Medio
384;18634.1;1048.57;35;61;60.9;básica;Masculino;Sí;Finanzas;Bajo
385;17583.9;1385.52;36;71;213.0;estándar;Masculino;Sí;Finanzas;Medio
386;21676.77;1274.82;40;71;85.4;estándar;Femenino;No;Retail;Medio
387;22537.9;1525.44;55;99;19.6;estándar;Femenino;No;Tecnología;Bajo
388;29442.77;1590.38;35;96;31.8;Premium;Femenino;Sí;Tecnología;Alto
389;25276.91;1208.0;43;66;17.6;Premium;Femenino;Sí;Finanzas;Bajo
390;18403.93;1011.65;23;78;93.0;estándar;Femenino;Sí;Tecnología;Medio
391;16957.13;1314.99;21;95;23.5;básica;Masculino;No;Tecnología;Medio
392;23213.64;1030.57;61;63;24.5;básica;Masculino;No;Tecnología;Bajo
393;15058.95;1703.35;46;99;349.7;estándar;No responde;No;Tecnología;Alto
394;29241.56;1234.13;51;69;257.3;Premium;Masculino;No;Tecnología;Alto
395;26307.48;1108.67;34;99;82.2;básica;Femenino;Sí;Retail;Medio
396;18888.71;1246.17;60;97;520.6;básica;Masculino;No;Retail;Medio
397;13290.89;863.22;60;82;10.0;básica;Femenino;Sí;Finanzas;Medio
398;27092.43;957.1;33;92;124.2;Premium;Femenino;Sí;Tecnología;Alto
399;20484.57;1500.1;19;64;125.0;básica;Masculino;No;Tecnología;Medio
400;26570.17;1035.78;51;61;83.4;estándar;Femenino;Sí;Retail;Medio
401;13825.08;938.27;25;89;70.7;estándar;Masculino;Sí;Retail;Medio
402;18302.81;1334.16;30;69;82.9;Premium;Femenino;Sí;Retail;Bajo
403;21023.6;1496.43;59;79;74.3;estándar;Masculino;Sí;Finanzas;Medio
404;21211.41;1379.74;25;87;167.3;estándar;Masculino;No;Tecnología;Alto
405;18974.71;1449.01;47;52;27.5;básica;Masculino;Sí;Finanzas;Medio
406;23802.82;1010.8;49;77;36.4;estándar;Masculino;Sí;Retail;Medio
407;16195.71;844.55;53;75;33.9;estándar;Femenino;Sí;Tecnología;Alto
408;20359.29;1575.33;64;79;46.5;Premium;Masculino;Sí;Finanzas;Alto
409;21541.33;1119.33;47;62;99.4;básica;No responde;Sí;Retail;Bajo
410;23314.97;1137.29;18;62;24.1;básica;Masculino;No;Tecnología;Bajo
411;24202.27;1532.05;60;51;253.1;básica;Masculino;Sí;Tecnología;Medio
412;15939.11;1339.06;56;86;52.3;estándar;Masculino;No;Tecnología;Alto
413;14096.49;1313.97;34;98;31.3;Premium;Masculino;No;Retail;Bajo
414;26749.55;1741.25;37;87;145.1;básica;Masculino;No;Tecnología;Bajo
415;22495.41;1039.12;41;51;14.7;estándar;Masculino;Sí;Tecnología;Medio
416;17631.81;1431.96;39;85;126.1;básica;Masculino;Sí;Tecnología;Bajo
417;27980.18;1214.25;46;75;153.8;básica;Femenino;No;Retail;Bajo
418;21520.54;1267.15;39;60;39.0;estándar;Femenino;Sí;Finanzas;Bajo
419;26306.84;1582.12;61;57;15.1;básica;Femenino;No;Finanzas;Bajo
420;21303.83;1326.96;26;93;64.2;estándar;Femenino;No;Tecnología;Medio
421;30273.37;1334.57;54;89;22.5;estándar;Femenino;No;Finanzas;Medio
422;28899.03;1468.13;27;92;24.9;estándar;Masculino;No;Retail;Medio
423;19879.66;1108.76;53;71;45.2;básica;Femenino;Sí;Finanzas;Medio
424;25372.07;990.2;54;69;52.0;Premium;Femenino;Sí;Retail;Medio
425;23904.19;938.8;45;57;100.6;estándar;Masculino;No;Retail;Bajo
426;27158.84;708.41;45;78;146.1;estándar;No responde;Sí;Finanzas;Medio
427;16657.84;1714.05;59;89;117.8;básica;Masculino;Sí;Tecnología;Medio
428;24087.23;924.2;60;75;29.3;básica;No responde;Sí;Retail;Medio
429;25762.91;1144.69;38;79;32.7;básica;Masculino;Sí;Finanzas;Medio
430;13085.67;1130.8;41;66;263.2;básica;Femenino;No;Finanzas;Medio
431;15675.34;1276.85;59;69;108.1;estándar;Masculino;No;Finanzas;Alto
432;11823.46;1403.93;57;65;254.8;Premium;Masculino;Sí;Retail;Medio
433;19787.67;1415.12;19;95;65.7;estándar;Femenino;No;Tecnología;Alto
434;24228.94;1054.23;25;92;124.4;básica;Femenino;No;Tecnología;Alto
435;27760.61;1158.22;65;56;99.0;estándar;Masculino;Sí;Retail;Medio
436;21333.43;1270.64;44;65;56.1;básica;Femenino;Sí;Retail;Alto
437;28328.77;1137.83;39;94;86.2;estándar;Masculino;Sí;Tecnología;Medio
438;14789.54;1601.84;54;96;93.8;estándar;Femenino;No;Tecnología;Alto
439;13334.78;1322.74;44;97;36.9;estándar;Masculino;Sí;Retail;Alto
440;20750.04;1383.72;46;76;55.4;Premium;Masculino;Sí;Finanzas;Medio
441;22728.29;1365.72;20;72;198.1;básica;Femenino;No;Finanzas;Medio
442;20852.87;1493.37;61;73;306.9;estándar;Femenino;Sí;Finanzas;Bajo
443;11696.51;1245.26;30;58;63.5;Premium;Masculino;Sí;Finanzas;Medio
444;20598.96;875.79;62;84;54.0;estándar;Masculino;Sí;Retail;Alto
445;15129.89;1299.92;27;100;36.1;estándar;Masculino;Sí;Finanzas;Medio
446;24013.53;1037.16;53;69;146.2;Premium;Masculino;No;Retail;Medio
447;22649.69;1067.85;26;86;56.8;básica;Masculino;Sí;Finanzas;Medio
448;16770.54;1346.59;44;91;538.3;Premium;Femenino;Sí;Finanzas;Bajo
449;18687.6;1509.57;51;66;57.3;básica;Femenino;No;Finanzas;Medio
450;16233.54;1205.32;18;96;70.1;estándar;Femenino;No;Tecnología;Medio
451;20717.94;1277.21;49;80;121.0;Premium;Masculino;Sí;Tecnología;Medio
452;25298.14;1625.55;42;57;204.1;básica;Femenino;Sí;Tecnología;Bajo
453;16564.23;1260.19;46;64;86.1;estándar;Femenino;Sí;Tecnología;Medio
454;23268.21;1850.42;24;80;75.9;básica;Masculino;No;Tecnología;Alto
455;18613.84;1341.38;20;79;662.2;Premium;Masculino;Sí;Tecnología;Medio
456;17432.07;759.81;37;95;11.3;Premium;Femenino;Sí;Tecnología;Medio
457;20518.36;1388.34;37;69;280.5;estándar;Femenino;Sí;Retail;Bajo
458;16341.41;1295.29;47;88;29.4;estándar;Femenino;Sí;Retail;Medio
459;18508.58;1522.44;52;61;195.0;Premium;Femenino;No;Tecnología;Alto
460;15609.55;1368.3;52;98;125.5;estándar;Masculino;No;Retail;Bajo
461;29841.26;1165.39;56;66;60.2;estándar;Femenino;No;Retail;Bajo
462;21158.69;893.93;44;91;258.5;estándar;Masculino;Sí;Retail;Alto
463;17851.24;1147.74;43;79;11.6;estándar;Masculino;Sí;Finanzas;Bajo
464;21962.91;987.37;31;78;40.8;básica;Femenino;Sí;Tecnología;Medio
465;20494.52;1054.87;34;68;110.4;básica;No responde;Sí;Tecnología;Medio
466;20005.64;1347.14;35;95;62.0;básica;Femenino;Sí;Retail;Bajo
467;23763.75;1617.48;62;60;123.1;Premium;Femenino;Sí;Tecnología;Medio
468;24408.78;1298.67;46;83;12.9;estándar;Femenino;Sí;Retail;Alto
469;18612.74;901.03;37;99;24.9;estándar;Femenino;No;Tecnología;Medio
470;18408.82;1311.15;44;56;26.3;estándar;Femenino;No;Tecnología;Medio
471;19762.27;1499.16;35;93;35.2;básica;Femenino;No;Tecnología;Alto
472;10641.35;1047.55;21;83;83.8;básica;Masculino;Sí;Tecnología;Medio
473;14181.64;1166.5;18;69;177.4;estándar;Masculino;No;Retail;Medio
474;27150.93;1203.67;18;99;293.1;estándar;Masculino;Sí;Retail;Medio
475;28402.35;1003.78;43;87;226.5;Premium;Femenino;Sí;Tecnología;Medio
476;19879.34;1362.07;62;73;36.3;estándar;Masculino;No;Tecnología;Bajo
477;23594.51;1169.76;37;59;79.8;estándar;Masculino;Sí;Tecnología;Medio
478;22400.63;1304.88;40;81;36.7;estándar;Masculino;Sí;Tecnología;Medio
479;34854.96;978.13;27;64;46.9;Premium;Masculino;Sí;Finanzas;Alto
480;26038.09;1090.64;28;86;94.0;estándar;Masculino;Sí;Tecnología;Medio
481;20424.37;1380.6;58;69;18.5;básica;Femenino;Sí;Retail;Bajo
482;16700.07;1106.79;58;52;39.5;estándar;Masculino;No;Finanzas;Medio
483;13770.99;1631.74;22;86;338.7;estándar;Femenino;No;Tecnología;Medio
484;21915.59;1100.09;18;89;85.3;estándar;No responde;Sí;Retail;Medio
485;17596.42;1256.17;34;57;80.7;básica;Femenino;Sí;Finanzas;Medio
486;14599.86;1433.15;39;89;11.8;Premium;Femenino;Sí;Finanzas;Alto
487;18090.42;845.41;51;93;44.1;Premium;Femenino;Sí;Retail;Bajo
488;16133.03;759.8;62;72;251.5;básica;Masculino;No;Finanzas;Alto
489;28592.14;818.59;58;89;31.6;Premium;Femenino;Sí;Finanzas;Medio
490;24967.38;1515.65;46;60;74.4;básica;Femenino;No;Tecnología;Medio
491;20964.12;1062.04;21;95;11.7;básica;Masculino;Sí;Finanzas;Medio
492;27659.75;1839.55;22;57;88.1;básica;Masculino;No;Retail;Alto
493;21348.16;1058.94;28;78;12.5;básica;Femenino;No;Retail;Medio
494;17124.22;1246.14;38;79;215.5;Premium;Femenino;Sí;Finanzas;Alto
495;27854.06;1585.53;52;59;219.1;básica;Masculino;Sí;Finanzas;Alto
496;23425.1;1701.52;29;88;196.0;básica;Masculino;No;Tecnología;Medio
497;16332.39;1715.38;43;77;50.0;básica;Masculino;Sí;Tecnología;Medio
498;20143.48;1502.09;36;98;227.9;básica;Masculino;Sí;Retail;Alto
499;17059.72;1456.02;62;85;104.0;básica;Femenino;No;Retail;Alto
500;14777.4;1348.13;24;62;66.2;estándar;Masculino;Sí;Retail;Bajo
501;25167.8;1394.59;64;81;127.8;básica;Masculino;No;Finanzas;Bajo
502;29592.37;1062.2;24;85;11.5;Premium;Masculino;Sí;Finanzas;Alto
503;14706.45;995.45;43;86;28.5;Premium;Femenino;Sí;Retail;Medio
504;23533.36;1199.16;57;75;172.7;básica;Masculino;No;Tecnología;Medio
505;18072.11;1157.45;22;71;43.6;Premium;Masculino;Sí;Retail;Medio
506;18807.94;1086.69;38;53;119.4;básica;Femenino;Sí;Retail;Bajo
507;18334.23;1374.1;31;80;68.4;básica;Masculino;Sí;Retail;Alto
508;17112.04;1438.83;21;67;241.6;básica;Masculino;Sí;Retail;Medio
509;21218.35;1222.1;40;87;375.4;básica;Masculino;Sí;Retail;Medio
510;17260.72;1569.38;59;73;268.1;estándar;Masculino;Sí;Tecnología;Medio
511;22217.06;914.58;37;72;47.9;estándar;Masculino;Sí;Tecnología;Medio
512;20773.93;1151.59;32;71;35.9;básica;Masculino;Sí;Retail;Bajo
513;19924.73;1020.79;62;51;87.2;estándar;Femenino;No;Tecnología;Alto
514;16915.96;733.37;46;80;10.9;básica;Femenino;No;Tecnología;Alto
515;18404.53;1179.33;25;60;13.1;estándar;Femenino;Sí;Tecnología;Alto
516;24399.26;1169.56;58;77;106.7;básica;Masculino;No;Retail;Bajo
517;23254.13;1578.36;65;95;98.2;básica;Masculino;No;Tecnología;Medio
518;16601.0;1357.7;36;81;636.2;básica;Masculino;Sí;Finanzas;Medio
519;21447.0;943.95;65;54;37.1;básica;Masculino;Sí;Retail;Alto
520;24381.24;1663.52;56;87;45.8;estándar;Masculino;Sí;Retail;Bajo
521;13487.68;1505.26;63;59;24.5;Premium;No responde;No;Retail;Bajo
522;23445.12;1345.52;45;89;309.5;básica;Femenino;Sí;Tecnología;Medio
523;18018.19;1143.38;63;95;190.5;estándar;Masculino;Sí;Retail;Medio
524;23567.69;960.14;44;73;217.3;estándar;Femenino;No;Finanzas;Alto
525;17565.33;1106.95;21;84;289.7;Premium;Masculino;Sí;Finanzas;Medio
526;12878.03;1472.19;32;93;99.3;básica;Masculino;Sí;Finanzas;Medio
527;13676.06;1671.15;52;97;82.0;estándar;Masculino;Sí;Retail;Alto
528;21216.38;1585.81;54;72;58.1;Premium;Femenino;Sí;Tecnología;Medio
529;22168.75;1077.79;18;66;116.8;estándar;Femenino;No;Tecnología;Alto
530;16930.58;920.1;20;50;82.7;estándar;Masculino;No;Retail;Medio
531;23873.67;1235.22;64;80;82.1;básica;Masculino;Sí;Tecnología;Medio
532;13523.16;757.89;41;80;341.6;básica;Femenino;Sí;Tecnología;Alto
533;20702.64;1280.79;44;91;506.5;estándar;Masculino;No;Finanzas;Medio
534;15550.43;1163.1;57;91;201.0;estándar;Femenino;Sí;Tecnología;Medio
535;18066.74;1083.49;53;83;179.6;básica;Masculino;Sí;Tecnología;Alto
536;21213.29;801.32;51;58;146.9;estándar;Masculino;Sí;Finanzas;Bajo
537;17128.14;1328.4;46;71;31.8;estándar;Masculino;Sí;Finanzas;Alto
538;19269.5;1066.82;41;62;17.3;estándar;No responde;Sí;Tecnología;Medio
539;25528.32;907.52;41;74;150.8;estándar;Masculino;Sí;Finanzas;Alto
540;18403.99;481.93;59;97;166.6;Premium;Masculino;Sí;Finanzas;Alto
541;24760.61;1193.12;21;67;15.8;básica;Femenino;Sí;Retail;Alto
542;15916.32;1643.06;20;100;325.8;Premium;Femenino;Sí;Tecnología;Alto
543;23384.12;1615.31;51;61;21.5;básica;Femenino;Sí;Tecnología;Medio
544;27487.06;1085.73;40;89;50.4;básica;Masculino;Sí;Retail;Alto
545;9877.6;1049.45;40;66;143.9;básica;Femenino;Sí;Tecnología;Medio
546;17413.97;1317.19;62;64;32.3;básica;Femenino;Sí;Finanzas;Alto
547;23596.82;950.4;22;91;16.8;básica;Femenino;Sí;Finanzas;Alto
548;20086.3;1275.45;48;64;58.3;básica;Femenino;Sí;Finanzas;Medio
549;22670.16;1391.52;58;64;184.3;Premium;Femenino;No;Finanzas;Bajo
550;18282.07;1506.73;23;88;74.1;básica;Masculino;No;Finanzas;Medio
551;21389.65;1174.96;54;62;137.0;estándar;Masculino;Sí;Tecnología;Medio
552;20299.45;1149.08;27;66;114.0;básica;Masculino;Sí;Tecnología;Alto
553;26255.02;980.5;57;81;12.7;Premium;Masculino;Sí;Retail;Bajo
554;22144.89;993.28;24;58;546.3;estándar;Femenino;Sí;Tecnología;Alto
555;22519.21;1143.38;56;89;15.1;básica;Masculino;Sí;Retail;Alto
556;19146.55;1291.84;55;69;422.3;estándar;Femenino;Sí;Retail;Medio
557;18805.77;1428.4;38;75;105.8;estándar;Femenino;No;Finanzas;Medio
558;19053.49;999.21;37;76;406.1;estándar;Masculino;Sí;Retail;Bajo
559;22775.03;1573.17;20;70;24.6;estándar;Femenino;Sí;Finanzas;Alto
560;19105.57;1132.22;39;67;90.9;estándar;Masculino;Sí;Tecnología;Bajo
561;22303.99;1194.66;64;62;32.3;estándar;Femenino;No;Retail;Medio
562;30339.3;1013.2;21;65;16.3;estándar;Masculino;Sí;Tecnología;Medio
563;24920.06;593.94;45;58;125.3;básica;Masculino;No;Finanzas;Alto
564;19532.89;1421.01;29;61;38.0;Premium;Femenino;No;Tecnología;Alto
565;26405.46;1384.21;55;93;116.3;estándar;Masculino;Sí;Retail;Bajo
566;19163.66;1129.67;53;87;24.3;estándar;Femenino;Sí;Tecnología;Medio
567;11828.44;1216.75;64;68;58.4;básica;Masculino;Sí;Tecnología;Medio
568;16463.61;1328.98;58;56;192.6;estándar;Femenino;No;Retail;Bajo
569;12581.44;809.36;22;84;78.9;Premium;Masculino;No;Retail;Alto
570;19418.19;1067.74;30;97;128.6;básica;Masculino;Sí;Tecnología;Medio
571;21082.88;1398.57;40;67;135.1;estándar;Femenino;No;Tecnología;Medio
572;28543.97;886.43;47;65;232.8;estándar;Masculino;Sí;Retail;Alto
573;22471.17;1273.39;54;88;57.2;Premium;Masculino;Sí;Retail;Alto
574;20014.05;860.85;42;53;149.5;estándar;Masculino;No;Tecnología;Medio
575;24732.33;1316.61;65;74;401.2;básica;Masculino;No;Retail;Medio
576;11049.89;1191.09;44;81;167.2;Premium;Femenino;Sí;Tecnología;Medio
577;22060.27;796.22;31;89;90.8;estándar;Masculino;No;Retail;Alto
578;24468.89;1491.18;65;62;129.5;básica;Femenino;No;Tecnología;Bajo
579;14346.36;1016.35;64;94;171.5;básica;Femenino;No;Retail;Alto
580;26146.89;997.44;53;66;123.7;estándar;No responde;No;Tecnología;Medio
581;22523.23;1250.14;56;98;12.0;básica;Masculino;No;Finanzas;Medio
582;19131.2;1487.16;33;86;36.0;básica;Femenino;Sí;Tecnología;Alto
583;23847.52;946.04;39;55;209.6;Premium;Femenino;No;Tecnología;Alto
584;31218.12;1215.42;38;68;48.2;básica;Masculino;Sí;Tecnología;Medio
585;21818.4;1307.2;38;62;167.8;estándar;Femenino;No;Finanzas;Bajo
586;22116.99;1373.28;25;75;65.8;básica;Femenino;Sí;Retail;Alto
587;18932.88;1244.11;33;63;98.5;estándar;Femenino;No;Retail;Medio
588;17175.7;1108.24;48;80;18.4;estándar;Masculino;Sí;Finanzas;Medio
589;24736.51;993.1;59;53;34.0;básica;Masculino;Sí;Finanzas;Alto
590;17147.62;1221.54;27;88;388.1;estándar;Femenino;Sí;Retail;Medio
591;21322.05;931.97;49;57;275.0;básica;Masculino;No;Tecnología;Bajo
592;18850.54;469.66;51;74;136.8;Premium;Femenino;No;Finanzas;Medio
593;23155.41;1309.14;26;62;83.9;Premium;Masculino;Sí;Tecnología;Bajo
594;22501.48;1425.98;34;81;145.2;estándar;No responde;No;Retail;Alto
595;25668.93;609.27;28;87;125.7;estándar;Masculino;No;Retail;Medio
596;18704.93;947.57;49;87;110.9;básica;Masculino;Sí;Finanzas;Medio
597;19785.56;1354.79;27;77;17.3;estándar;Masculino;Sí;Retail;Medio
598;16595.56;1714.37;39;79;130.2;estándar;Masculino;No;Retail;Medio
599;19000.68;1205.2;34;52;185.8;básica;Masculino;Sí;Finanzas;Alto
600;22697.85;1018.0;21;77;625.6;estándar;Masculino;No;Tecnología;Medio
601;24406.45;1154.28;65;52;11.3;básica;Femenino;No;Tecnología;Medio
602;16850.26;1543.72;64;94;167.2;estándar;Femenino;No;Retail;Alto
603;24913.23;1038.51;42;83;111.8;básica;Masculino;No;Finanzas;Bajo
604;27100.37;1000.2;38;65;78.3;estándar;Masculino;Sí;Tecnología;Medio
605;22860.46;1079.31;54;71;26.4;básica;Femenino;Sí;Tecnología;Medio
606;29445.58;961.67;55;81;73.1;básica;Femenino;Sí;Tecnología;Alto
607;17517.95;1230.67;18;87;62.5;estándar;Masculino;Sí;Tecnología;Alto
608;15399.05;1606.17;42;57;53.3;Premium;Masculino;Sí;Finanzas;Medio
609;12995.76;1280.77;53;57;167.5;estándar;Masculino;No;Retail;Medio
610;27732.2;1136.91;34;55;154.8;básica;Masculino;No;Retail;Medio
611;23944.65;1127.05;58;63;116.7;básica;Masculino;Sí;Retail;Medio
612;20749.87;809.2;41;81;345.0;Premium;Masculino;Sí;Finanzas;Alto
613;22259.86;1420.78;19;84;61.7;estándar;Masculino;Sí;Tecnología;Medio
614;15935.3;1180.54;57;59;43.5;básica;Masculino;Sí;Tecnología;Medio
615;32005.88;1154.88;32;52;138.0;Premium;Masculino;Sí;Retail;Medio
616;21581.5;1998.28;49;61;36.6;Premium;Femenino;No;Tecnología;Alto
617;21492.28;1274.69;56;98;55.4;Premium;Femenino;Sí;Retail;Alto
618;24265.95;1012.05;23;80;40.5;Premium;No responde;No;Tecnología;Medio
619;23164.54;1093.41;18;78;18.6;Premium;Femenino;Sí;Tecnología;Alto
620;22007.48;1487.11;64;54;220.9;básica;Femenino;No;Tecnología;Alto
621;17442.86;1228.32;40;74;45.3;básica;Masculino;No;Finanzas;Alto
622;23121.61;840.43;56;90;86.9;estándar;Masculino;No;Tecnología;Medio
623;29469.11;1429.81;34;80;15.3;estándar;Femenino;No;Finanzas;Medio
624;27054.39;1032.96;51;70;154.2;estándar;Femenino;No;Tecnología;Medio
625;28169.34;1668.32;58;69;58.2;estándar;Femenino;No;Finanzas;Alto
626;18699.53;1470.01;46;88;173.9;estándar;Masculino;No;Finanzas;Medio
627;16546.78;1088.17;26;71;73.8;estándar;Femenino;Sí;Finanzas;Alto
628;20433.96;1520.25;30;53;36.1;básica;Femenino;Sí;Finanzas;Bajo
629;21250.76;1216.96;23;62;96.4;básica;Femenino;Sí;Tecnología;Medio
630;25923.86;1413.19;23;94;26.8;estándar;Masculino;Sí;Tecnología;Medio
631;13383.91;1321.18;37;91;79.7;estándar;Femenino;Sí;Retail;Alto
632;27882.98;988.41;20;99;55.8;básica;Femenino;No;Tecnología;Alto
633;20288.96;1039.11;34;98;301.6;estándar;Masculino;No;Tecnología;Medio
634;19079.04;1457.49;29;69;17.5;estándar;No responde;Sí;Finanzas;Medio
635;16445.53;1116.31;65;62;152.1;estándar;Masculino;Sí;Retail;Alto
636;13553.14;1099.09;64;66;34.2;básica;No responde;No;Retail;Bajo
637;24704.27;961.22;62;85;56.1;estándar;Masculino;Sí;Finanzas;Bajo
638;21329.93;1305.9;18;82;74.4;básica;Femenino;No;Retail;Medio
639;15195.18;1715.63;34;50;296.3;Premium;Masculino;Sí;Retail;Bajo
640;15172.15;933.12;20;64;43.3;básica;Femenino;No;Finanzas;Alto
641;19488.97;1206.05;43;62;21.5;estándar;Masculino;Sí;Tecnología;Alto
642;28510.6;1553.06;32;66;56.0;básica;Femenino;No;Tecnología;Alto
643;19831.84;1180.09;53;73;23.3;estándar;Femenino;Sí;Finanzas;Medio
644;14235.86;1313.09;49;57;26.5;estándar;Masculino;Sí;Finanzas;Alto
645;19894.16;934.4;49;99;112.4;básica;Femenino;Sí;Finanzas;Bajo
646;19772.74;1307.08;21;76;17.5;estándar;Masculino;Sí;Retail;Alto
647;8864.01;1153.21;35;94;13.8;básica;Femenino;No;Finanzas;Medio
648;20755.67;1446.43;36;72;160.4;básica;Femenino;No;Tecnología;Bajo
649;19960.79;1496.85;60;95;63.9;estándar;Masculino;Sí;Tecnología;Alto
650;24132.93;1847.39;52;57;26.1;básica;Masculino;Sí;Retail;Alto
651;29320.3;1344.91;57;57;45.1;Premium;Masculino;Sí;Retail;Medio
652;26069.54;1281.45;31;75;133.3;estándar;Femenino;No;Tecnología;Alto
653;19790.0;1248.6;50;96;48.7;estándar;Masculino;No;Tecnología;Alto
654;16020.63;1111.71;31;62;91.9;básica;Masculino;Sí;Tecnología;Alto
655;32580.12;1284.62;51;88;25.6;estándar;Masculino;No;Retail;Medio
656;21266.48;1126.15;21;86;116.4;estándar;Femenino;No;Finanzas;Bajo
657;21062.68;1242.12;41;98;55.6;básica;Masculino;No;Retail;Bajo
658;20891.44;1529.4;46;77;128.3;Premium;Masculino;No;Tecnología;Alto
659;21891.38;948.36;36;74;208.3;básica;Masculino;No;Retail;Medio
660;20350.38;1484.97;23;65;123.5;Premium;Masculino;No;Retail;Medio
661;18418.52;1529.28;50;51;52.1;básica;Masculino;Sí;Retail;Bajo
662;18539.13;1170.48;57;67;45.4;Premium;Femenino;No;Tecnología;Alto
663;20852.61;669.54;36;66;57.6;estándar;Femenino;Sí;Retail;Medio
664;18554.59;1048.04;18;79;31.6;básica;Masculino;Sí;Finanzas;Medio
665;17792.19;1524.25;22;88;34.0;básica;Femenino;Sí;Tecnología;Bajo
666;21478.94;1194.28;44;62;197.7;estándar;Femenino;No;Tecnología;Alto
667;19852.6;950.17;33;81;68.3;Premium;Femenino;Sí;Retail;Alto
668;27767.97;1073.81;23;99;78.7;básica;Femenino;Sí;Retail;Alto
669;9070.64;1410.16;57;78;118.2;básica;Masculino;Sí;Tecnología;Alto
670;25911.78;1336.68;30;95;116.9;estándar;Masculino;Sí;Tecnología;Medio
671;26607.38;1140.27;65;79;18.4;estándar;Masculino;Sí;Tecnología;Medio
672;11669.74;1108.29;52;67;223.7;estándar;Femenino;No;Finanzas;Medio
673;19457.91;1102.06;36;62;33.4;estándar;Masculino;No;Retail;Alto
674;19328.52;969.4;29;92;164.1;básica;Masculino;Sí;Retail;Alto
675;14666.2;1603.84;33;70;187.8;Premium;No responde;No;Finanzas;Alto
676;17499.82;1119.42;60;79;160.6;estándar;Masculino;No;Tecnología;Alto
677;16002.41;1504.29;27;70;113.8;básica;Femenino;Sí;Finanzas;Medio
678;28885.22;1580.33;42;97;11.8;estándar;Masculino;No;Retail;Alto
679;25210.55;1449.58;37;66;63.6;estándar;No responde;No;Tecnología;Alto
680;26722.0;1092.09;48;89;121.4;básica;Masculino;Sí;Finanzas;Medio
681;24247.52;1300.93;21;68;68.8;estándar;Masculino;Sí;Finanzas;Medio
682;15919.27;1193.95;61;64;249.0;básica;Femenino;No;Finanzas;Medio
683;18639.66;974.07;40;58;54.3;estándar;Masculino;Sí;Tecnología;Bajo
684;23202.19;1281.09;19;59;51.7;Premium;Masculino;Sí;Finanzas;Alto
685;15500.42;905.24;39;93;47.1;básica;Femenino;Sí;Finanzas;Medio
686;24208.49;1496.92;54;80;58.6;estándar;Masculino;Sí;Tecnología;Medio
687;19918.54;1083.85;25;72;107.8;Premium;Femenino;No;Tecnología;Medio
688;19313.31;1250.29;24;79;157.3;Premium;Femenino;Sí;Tecnología;Bajo
689;24199.32;1270.82;31;82;140.4;estándar;Femenino;Sí;Finanzas;Alto
690;22999.18;1135.27;20;58;207.9;estándar;Femenino;No;Retail;Medio
691;19375.65;1346.67;33;96;270.5;estándar;Masculino;Sí;Tecnología;Alto
692;26216.98;1081.27;36;50;213.2;Premium;Femenino;Sí;Tecnología;Medio
693;16135.22;1417.82;35;93;12.3;Premium;Femenino;Sí;Tecnología;Medio
694;23771.71;863.51;33;84;169.8;básica;Masculino;No;Retail;Bajo
695;23668.96;1231.59;25;60;38.0;estándar;Masculino;Sí;Retail;Bajo
696;19607.04;1684.73;50;83;27.1;estándar;Masculino;Sí;Finanzas;Medio
697;22467.6;949.92;29;65;132.1;estándar;Femenino;Sí;Retail;Alto
698;15369.99;1030.56;28;58;56.2;estándar;Masculino;Sí;Finanzas;Medio
699;25158.12;1328.48;22;81;17.1;estándar;Femenino;Sí;Tecnología;Medio
700;20167.94;1244.9;44;64;27.8;Premium;Masculino;Sí;Tecnología;Alto
701;18647.75;1287.66;29;61;10.1;básica;Femenino;No;Retail;Medio
702;25720.54;1322.3;34;82;290.2;básica;Masculino;Sí;Tecnología;Bajo
703;17830.45;1358.68;23;94;13.0;estándar;Femenino;No;Tecnología;Medio
704;14661.92;1477.42;50;63;38.2;básica;Masculino;Sí;Finanzas;Medio
705;13995.17;1302.45;22;57;74.6;básica;Masculino;No;Retail;Bajo
706;23727.04;1139.69;45;57;62.9;básica;Femenino;Sí;Tecnología;Alto
707;15238.07;1368.14;31;76;301.3;estándar;Femenino;No;Tecnología;Alto
708;28896.57;1674.97;22;61;14.9;Premium;Masculino;Sí;Tecnología;Medio
709;11631.32;1166.84;50;50;96.1;estándar;No responde;Sí;Finanzas;Medio
710;28634.05;956.37;65;92;146.9;estándar;Masculino;Sí;Tecnología;Medio
711;21949.58;1476.77;58;89;332.1;básica;Femenino;No;Tecnología;Alto
712;20564.79;1169.9;36;91;126.2;estándar;Femenino;Sí;Retail;Alto
713;18547.86;656.83;39;100;205.4;estándar;Masculino;Sí;Tecnología;Alto
714;22796.11;1411.86;22;60;20.5;estándar;Masculino;No;Tecnología;Bajo
715;20830.64;1066.17;19;88;68.5;básica;Masculino;Sí;Tecnología;Medio
716;25964.86;1177.37;47;92;66.2;básica;Masculino;No;Tecnología;Medio
717;21514.02;1283.0;64;80;270.9;básica;Masculino;No;Tecnología;Alto
718;21676.36;1247.62;56;66;29.7;estándar;Masculino;No;Tecnología;Alto
719;19363.75;1377.36;21;82;29.8;Premium;Femenino;Sí;Finanzas;Medio
720;20743.74;1091.13;50;81;57.8;Premium;Femenino;Sí;Tecnología;Alto
721;22385.11;1328.28;30;78;16.7;estándar;Masculino;Sí;Finanzas;Medio
722;13304.24;1135.11;37;70;34.2;estándar;Femenino;No;Finanzas;Medio
723;14933.17;1384.7;24;70;413.0;Premium;Femenino;Sí;Retail;Medio
724;24344.69;1353.84;32;89;77.1;básica;Femenino;Sí;Tecnología;Medio
725;21768.89;966.14;40;72;130.0;estándar;Femenino;No;Tecnología;Medio
726;20172.07;1471.5;31;55;165.4;Premium;Masculino;Sí;Retail;Alto
727;21082.95;1066.01;40;71;64.9;básica;Masculino;No;Retail;Medio
728;22564.12;1402.01;36;99;29.1;Premium;Masculino;No;Retail;Medio
729;18571.08;1291.82;46;87;37.8;Premium;Femenino;No;Tecnología;Alto
730;17497.63;1659.55;37;86;55.1;estándar;Masculino;No;Finanzas;Bajo
731;21881.3;1144.13;46;94;131.3;Premium;Femenino;Sí;Tecnología;Alto
732;16597.32;1112.67;41;100;71.0;estándar;Masculino;Sí;Tecnología;Alto
733;22837.14;1195.15;35;57;10.8;estándar;Masculino;No;Retail;Alto
734;13338.37;1124.21;27;90;98.9;básica;Femenino;Sí;Tecnología;Bajo
735;25631.2;1399.99;58;98;315.4;básica;Masculino;Sí;Retail;Medio
736;23126.69;795.92;25;84;210.6;básica;Masculino;No;Finanzas;Medio
737;22152.13;936.58;43;100;219.3;estándar;Femenino;Sí;Finanzas;Alto
738;25422.11;933.05;46;60;200.2;básica;Masculino;No;Finanzas;Medio
739;28494.64;1437.58;27;73;56.9;básica;Femenino;No;Retail;Medio
740;25564.67;1627.65;34;98;183.9;básica;Femenino;No;Retail;Bajo
741;12716.07;1173.89;19;70;28.5;estándar;Masculino;No;Tecnología;Alto
742;15241.9;1157.79;23;100;138.7;Premium;Masculino;No;Retail;Alto
743;18188.32;1217.51;22;51;133.1;Premium;Masculino;No;Tecnología;Alto
744;21117.41;1490.47;45;89;13.1;estándar;Femenino;Sí;Tecnología;Bajo
745;23329.47;968.16;58;68;196.1;Premium;Femenino;Sí;Tecnología;Medio
746;17734.15;1259.59;22;88;290.3;estándar;Masculino;No;Retail;Medio
747;21840.45;1443.8;35;77;47.3;estándar;Femenino;No;Retail;Medio
748;17600.78;1325.27;43;66;210.8;estándar;Masculino;Sí;Finanzas;Bajo
749;18248.17;1247.4;37;55;20.3;básica;Masculino;Sí;Tecnología;Bajo
750;14670.03;1450.26;58;68;119.9;Premium;Masculino;Sí;Finanzas;Medio
751;16845.45;524.19;44;87;89.8;estándar;Masculino;Sí;Finanzas;Alto
752;14917.42;1369.47;29;77;104.7;estándar;Femenino;No;Retail;Alto
753;16608.57;1036.48;24;51;322.8;estándar;Femenino;No;Retail;Bajo
754;25741.39;742.34;20;87;256.0;básica;Femenino;Sí;Tecnología;Medio
755;16727.71;1327.8;27;86;194.5;básica;Masculino;No;Finanzas;Alto
756;32845.72;1543.41;51;100;48.4;estándar;Masculino;Sí;Retail;Medio
757;23219.93;1165.64;42;53;301.4;básica;Masculino;No;Finanzas;Bajo
758;21831.76;1438.22;52;71;22.3;estándar;Masculino;Sí;Retail;Medio
759;17137.39;1603.07;33;75;240.3;estándar;No responde;No;Finanzas;Medio
760;24151.39;1528.73;19;98;57.7;estándar;Femenino;Sí;Finanzas;Bajo
761;18409.63;1609.99;41;92;16.6;estándar;Femenino;Sí;Tecnología;Medio
762;21549.04;1385.53;27;85;142.8;estándar;Femenino;Sí;Tecnología;Alto
763;32520.38;1218.86;55;62;41.6;estándar;Masculino;Sí;Retail;Bajo
764;20567.73;799.51;39;81;43.5;estándar;Femenino;Sí;Retail;Bajo
765;26171.73;1138.48;43;66;53.8;estándar;Masculino;Sí;Tecnología;Bajo
766;17835.71;989.19;60;90;17.9;estándar;Masculino;Sí;Finanzas;Medio
767;20842.55;1742.74;56;85;33.4;Premium;Masculino;No;Retail;Alto
768;28968.6;1156.03;44;95;10.6;básica;Masculino;No;Finanzas;Bajo
769;18178.65;1230.8;46;68;80.7;estándar;Femenino;No;Finanzas;Alto
770;29156.02;1337.87;64;84;20.6;Premium;Femenino;No;Retail;Bajo
771;24184.88;1210.9;55;95;147.7;estándar;Masculino;Sí;Finanzas;Bajo
772;18468.9;1623.76;37;89;42.2;básica;Femenino;Sí;Retail;Medio
773;23845.83;1044.34;44;77;355.0;estándar;Femenino;Sí;Finanzas;Bajo
774;25376.5;1248.65;58;50;256.0;básica;Masculino;No;Tecnología;Medio
775;23798.14;1014.38;37;91;51.0;básica;Femenino;No;Tecnología;Alto
776;13933.99;869.99;61;67;193.5;Premium;Masculino;Sí;Retail;Medio
777;17727.88;1047.06;36;97;205.1;estándar;Masculino;Sí;Retail;Alto
778;19886.17;1190.74;37;89;527.2;básica;Femenino;Sí;Retail;Medio
779;20665.05;1092.67;52;82;119.3;Premium;Masculino;No;Retail;Alto
780;23793.02;1026.89;64;61;20.3;Premium;Femenino;Sí;Tecnología;Medio
781;21799.65;848.42;19;57;134.9;estándar;Masculino;Sí;Finanzas;Bajo
782;14990.95;1179.22;47;73;127.7;básica;Femenino;Sí;Retail;Bajo
783;22710.89;823.82;51;65;132.0;Premium;Masculino;No;Retail;Medio
784;23747.64;1390.01;39;99;54.0;estándar;Femenino;No;Retail;Medio
785;23519.06;1220.61;20;53;245.7;estándar;Femenino;Sí;Finanzas;Medio
786;25863.51;835.61;23;87;394.7;Premium;Femenino;No;Finanzas;Bajo
787;24752.65;1122.7;32;93;39.5;estándar;Femenino;Sí;Retail;Medio
788;23066.31;1011.96;44;76;21.1;básica;Femenino;No;Tecnología;Medio
789;20684.25;1279.79;27;58;36.0;estándar;Masculino;No;Retail;Bajo
790;13525.68;1535.11;26;96;216.1;básica;Masculino;Sí;Retail;Medio
791;22933.28;731.21;50;65;145.5;estándar;Femenino;Sí;Finanzas;Bajo
792;21934.59;1228.76;49;61;131.3;estándar;Femenino;No;Tecnología;Bajo
793;22222.1;1159.97;65;80;71.7;básica;Masculino;Sí;Finanzas;Bajo
794;15254.63;1367.84;23;73;113.5;estándar;Masculino;No;Retail;Alto
795;16135.25;1253.3;58;63;54.2;básica;Femenino;No;Finanzas;Medio
796;25739.19;1012.01;53;94;87.8;básica;Masculino;No;Tecnología;Bajo
797;20822.0;1120.24;19;74;199.0;estándar;Femenino;Sí;Finanzas;Medio
798;24066.75;1000.99;46;83;487.1;básica;Masculino;Sí;Finanzas;Medio
799;21127.43;1469.0;21;52;333.5;estándar;Femenino;No;Finanzas;Alto
800;21133.9;1205.33;18;73;335.9;básica;Femenino;Sí;Tecnología;Alto
801;25222.28;1675.3;36;91;71.7;estándar;Masculino;No;Tecnología;Medio
802;18677.8;1184.83;43;58;85.9;Premium;Femenino;No;Retail;Medio
803;21432.54;1022.9;42;75;156.8;estándar;Masculino;Sí;Tecnología;Medio
804;18919.76;821.57;27;69;316.4;estándar;Femenino;No;Tecnología;Medio
805;19044.77;749.22;32;89;28.4;Premium;Masculino;Sí;Tecnología;Medio
806;19608.73;803.97;39;59;53.5;básica;Masculino;Sí;Retail;Medio
807;21999.6;1266.78;65;68;28.0;básica;Femenino;No;Retail;Medio
808;18845.63;1327.18;38;52;123.6;estándar;Masculino;No;Tecnología;Medio
809;26650.9;804.7;39;73;53.9;básica;Masculino;Sí;Tecnología;Medio
810;16974.27;1423.76;53;54;57.4;Premium;Masculino;No;Retail;Alto
811;20159.08;1079.23;51;52;18.8;básica;Masculino;Sí;Retail;Medio
812;19021.21;1236.7;47;76;61.7;estándar;Masculino;Sí;Tecnología;Medio
813;27511.4;1603.06;42;65;248.1;estándar;Femenino;Sí;Tecnología;Medio
814;21884.5;1424.21;62;98;41.8;básica;Femenino;No;Finanzas;Medio
815;25643.3;1132.87;45;64;152.6;estándar;Masculino;Sí;Finanzas;Medio
816;14314.98;977.2;18;84;129.2;básica;Masculino;Sí;Finanzas;Alto
817;22201.73;662.05;62;61;249.0;estándar;Femenino;Sí;Finanzas;Bajo
818;25003.34;1020.21;21;90;27.0;básica;Masculino;No;Tecnología;Alto
819;21370.28;1147.22;24;93;465.8;Premium;Masculino;Sí;Retail;Bajo
820;25794.66;953.21;26;75;114.9;Premium;Femenino;Sí;Retail;Medio
821;18672.2;1167.19;53;96;657.8;básica;Femenino;Sí;Retail;Medio
822;27342.06;1219.21;36;83;301.0;básica;Masculino;Sí;Tecnología;Alto
823;31345.04;1143.79;18;72;40.0;estándar;Femenino;No;Retail;Alto
824;19367.23;1037.5;27;80;16.9;básica;Masculino;Sí;Retail;Alto
825;18995.24;1242.16;53;99;45.4;Premium;Masculino;No;Tecnología;Alto
826;27540.23;1310.49;26;69;100.0;estándar;Femenino;Sí;Finanzas;Medio
827;28108.07;927.4;62;61;32.6;estándar;Femenino;No;Tecnología;Medio
828;18647.13;1552.73;63;72;32.0;Premium;Femenino;Sí;Tecnología;Medio
829;19109.16;1175.35;59;53;84.5;estándar;Masculino;Sí;Tecnología;Alto
830;19731.97;1204.71;49;72;14.1;Premium;Masculino;Sí;Tecnología;Bajo
831;14949.97;1377.05;49;97;25.6;Premium;Femenino;No;Tecnología;Medio
832;16866.07;1258.3;23;97;74.5;básica;Masculino;No;Finanzas;Alto
833;16481.37;1438.28;65;50;17.8;básica;Femenino;Sí;Retail;Medio
834;17544.91;1271.78;55;74;70.7;Premium;Femenino;No;Retail;Alto
835;20843.92;1046.89;34;51;87.1;Premium;Femenino;Sí;Tecnología;Alto
836;22053.97;1290.38;27;79;82.0;básica;Femenino;Sí;Retail;Medio
837;27977.25;914.07;44;52;254.1;Premium;Femenino;Sí;Finanzas;Medio
838;16507.41;1227.14;52;70;100.6;estándar;Femenino;No;Retail;Bajo
839;25429.45;1191.69;38;74;85.7;básica;Masculino;No;Retail;Medio
840;20037.05;1147.97;42;69;73.5;Premium;Masculino;Sí;Finanzas;Bajo
841;20777.41;1167.87;45;98;214.2;básica;Femenino;Sí;Finanzas;Bajo
842;24036.69;729.54;64;71;280.5;Premium;Femenino;Sí;Retail;Bajo
843;15947.75;1062.82;32;70;240.3;básica;Femenino;Sí;Tecnología;Medio
844;22720.84;1223.21;21;82;144.3;estándar;Femenino;Sí;Retail;Alto
845;21749.03;1239.96;46;87;27.7;básica;Masculino;Sí;Retail;Alto
846;23216.03;943.08;26;64;48.9;estándar;Femenino;Sí;Retail;Medio
847;22301.26;1516.43;44;95;15.7;estándar;Femenino;Sí;Finanzas;Medio
848;32048.85;983.46;43;64;330.5;básica;Femenino;Sí;Retail;Alto
849;18130.17;1442.36;36;95;139.7;estándar;Femenino;Sí;Finanzas;Medio
850;18610.51;1306.8;45;74;174.6;estándar;Femenino;Sí;Tecnología;Alto
851;18195.87;1038.44;34;70;54.8;básica;Masculino;No;Tecnología;Medio
852;18500.35;1643.83;60;73;234.2;Premium;Femenino;Sí;Tecnología;Alto
853;18131.76;901.59;58;54;46.1;básica;Femenino;Sí;Finanzas;Medio
854;26350.57;1429.79;59;55;10.2;estándar;Masculino;Sí;Finanzas;Medio
855;27392.27;1450.15;37;98;66.7;estándar;Masculino;Sí;Retail;Alto
856;18431.64;1032.34;62;92;111.5;estándar;Masculino;Sí;Retail;Medio
857;17254.4;1548.12;57;97;88.2;básica;Masculino;Sí;Retail;Medio
858;23121.37;1137.49;56;93;247.7;estándar;Femenino;Sí;Finanzas;Alto
859;18515.0;1272.17;40;96;23.4;estándar;Masculino;No;Finanzas;Alto
860;23848.19;1265.08;64;72;106.8;estándar;Masculino;Sí;Retail;Medio
861;21913.15;1166.42;49;53;96.3;Premium;Femenino;Sí;Retail;Medio
862;14179.15;1402.7;64;76;49.7;estándar;Masculino;No;Tecnología;Medio
863;27963.77;1398.37;50;67;217.3;básica;Masculino;Sí;Retail;Alto
864;29081.45;762.87;63;70;177.7;básica;Femenino;No;Retail;Medio
865;18242.45;1526.09;22;77;168.4;básica;Femenino;Sí;Tecnología;Alto
866;19255.34;784.38;60;84;260.7;básica;Femenino;No;Finanzas;Bajo
867;22286.39;1458.14;65;71;164.0;estándar;Femenino;Sí;Retail;Medio
868;22505.06;1481.68;51;89;41.7;básica;Femenino;Sí;Finanzas;Bajo
869;23963.45;927.26;57;72;156.7;básica;Masculino;No;Tecnología;Medio
870;30045.92;1097.3;28;52;54.1;básica;Masculino;Sí;Retail;Medio
871;20203.74;923.57;20;89;43.3;básica;Femenino;Sí;Retail;Medio
872;17407.66;1146.27;50;99;19.1;básica;Masculino;No;Tecnología;Medio
873;14793.06;1122.99;28;59;173.5;básica;Femenino;Sí;Retail;Medio
874;17710.81;1394.92;33;74;159.0;estándar;Femenino;Sí;Tecnología;Medio
875;20850.93;1527.58;35;98;42.1;estándar;Masculino;No;Tecnología;Medio
876;29075.51;1548.92;47;57;176.1;básica;Masculino;Sí;Tecnología;Medio
877;18670.75;1059.46;65;60;309.9;estándar;Masculino;No;Tecnología;Medio
878;22007.05;1147.69;27;54;23.7;básica;Masculino;No;Retail;Bajo
879;20926.1;779.14;35;94;41.8;básica;Masculino;Sí;Tecnología;Medio
880;26347.77;998.53;55;86;176.5;básica;Masculino;Sí;Retail;Medio
881;32371.2;1441.21;36;94;48.5;estándar;Femenino;Sí;Finanzas;Medio
882;18611.09;1603.9;53;87;127.6;estándar;Masculino;Sí;Retail;Medio
883;18797.52;891.41;30;78;20.2;básica;No responde;No;Finanzas;Bajo
884;25698.72;1051.88;63;54;82.2;básica;Masculino;Sí;Retail;Bajo
885;24068.51;1193.4;20;58;171.2;Premium;Femenino;Sí;Retail;Medio
886;29310.18;1270.04;27;97;149.2;básica;Masculino;No;Tecnología;Medio
887;23627.68;997.6;55;51;212.5;básica;Masculino;No;Finanzas;Medio
888;19383.19;1306.02;18;50;261.9;Premium;Femenino;Sí;Finanzas;Medio
889;23657.95;1081.54;44;89;188.0;Premium;No responde;Sí;Tecnología;Bajo
890;25989.17;1196.39;63;100;143.6;estándar;Femenino;No;Tecnología;Alto
891;24692.17;1336.57;25;79;13.9;estándar;Femenino;No;Tecnología;Alto
892;23282.73;1201.61;63;60;101.9;básica;Masculino;Sí;Retail;Alto
893;25800.04;1090.9;59;77;14.6;básica;Femenino;Sí;Retail;Medio
894;26261.83;1172.6;34;93;208.1;estándar;Femenino;Sí;Retail;Bajo
895;27219.72;1177.91;26;61;56.4;básica;Masculino;Sí;Tecnología;Alto
896;23919.19;1107.5;23;88;109.2;estándar;Masculino;Sí;Finanzas;Medio
897;20247.97;1135.3;60;75;49.3;Premium;Femenino;No;Tecnología;Medio
898;21660.21;1599.66;42;62;193.1;Premium;No responde;No;Tecnología;Medio
899;26429.29;1340.23;56;57;271.1;básica;Masculino;No;Retail;Medio
900;17323.79;1126.13;45;77;71.0;estándar;Masculino;Sí;Tecnología;Bajo
901;22659.03;1374.24;50;79;248.5;estándar;Masculino;No;Tecnología;Alto
902;19229.98;1116.55;54;58;47.3;Premium;Masculino;No;Tecnología;Medio
903;21129.35;1493.28;26;88;101.8;básica;Femenino;Sí;Retail;Alto
904;26753.03;1292.41;35;80;244.9;básica;Femenino;Sí;Finanzas;Medio
905;21859.95;1173.17;38;70;57.3;básica;Masculino;Sí;Finanzas;Bajo
906;21208.96;1311.93;19;96;379.6;básica;Masculino;No;Retail;Alto
907;14880.65;807.28;60;83;25.6;básica;Femenino;Sí;Tecnología;Alto
908;24358.14;918.31;55;80;12.2;estándar;Masculino;No;Retail;Medio
909;23904.68;901.52;57;74;291.4;estándar;Masculino;Sí;Retail;Medio
910;30734.65;1235.74;53;61;18.5;básica;Femenino;No;Tecnología;Medio
911;19615.0;1633.13;60;50;587.7;estándar;Femenino;Sí;Tecnología;Alto
912;21986.18;1757.83;54;71;372.9;básica;Femenino;No;Tecnología;Alto
913;22122.23;1359.51;32;89;27.7;Premium;Masculino;Sí;Finanzas;Medio
914;28098.54;1325.21;45;86;102.6;Premium;Femenino;No;Tecnología;Alto
915;20571.17;749.74;35;96;34.5;Premium;Femenino;Sí;Finanzas;Bajo
916;22255.6;1064.33;51;50;77.1;Premium;Masculino;Sí;Tecnología;Alto
917;23735.53;1003.05;39;50;17.6;básica;Masculino;Sí;Tecnología;Medio
918;21839.74;1044.79;28;91;40.4;básica;Femenino;Sí;Retail;Alto
919;18991.05;1157.96;30;91;64.2;estándar;Femenino;Sí;Retail;Alto
920;21873.4;1081.98;21;70;79.3;Premium;Masculino;Sí;Tecnología;Medio
921;25831.34;705.18;39;64;465.3;básica;Masculino;No;Tecnología;Medio
922;16380.68;1386.98;24;66;207.9;básica;Masculino;Sí;Tecnología;Alto
923;21598.36;931.81;60;71;170.5;Premium;Masculino;No;Tecnología;Alto
924;17849.46;1259.81;41;87;102.4;básica;Femenino;Sí;Tecnología;Alto
925;26377.71;1718.52;21;84;229.9;estándar;Femenino;Sí;Finanzas;Medio
926;14145.66;970.15;45;94;59.7;estándar;Femenino;No;Retail;Medio
927;18484.85;567.43;32;65;158.1;básica;Femenino;Sí;Retail;Alto
928;22697.45;1128.5;18;57;619.7;básica;Masculino;No;Tecnología;Medio
929;28044.86;1475.24;20;96;55.3;estándar;Femenino;Sí;Tecnología;Medio
930;20704.12;1689.59;31;66;144.5;estándar;Femenino;Sí;Tecnología;Bajo
931;18501.6;892.61;55;66;233.2;Premium;No responde;No;Retail;Bajo
932;29465.21;1324.17;18;75;307.0;básica;Femenino;No;Retail;Medio
933;14483.94;1083.67;55;62;161.9;básica;Femenino;Sí;Tecnología;Alto
934;11105.37;1173.51;55;66;50.0;estándar;Femenino;Sí;Finanzas;Alto
935;22980.07;1861.09;38;87;57.4;estándar;Masculino;No;Retail;Medio
936;18740.76;824.26;65;66;12.5;básica;Masculino;Sí;Tecnología;Bajo
937;16404.45;1263.43;46;97;181.7;estándar;Femenino;No;Tecnología;Medio
938;24187.6;1316.92;22;63;15.2;básica;Masculino;Sí;Retail;Medio
939;22097.1;1471.45;27;94;250.0;básica;Masculino;Sí;Finanzas;Medio
940;18461.65;1224.5;45;55;25.2;básica;Masculino;No;Tecnología;Medio
941;15238.63;1277.01;38;84;32.6;estándar;Masculino;Sí;Tecnología;Alto
942;24926.06;1102.09;24;95;87.7;estándar;Masculino;Sí;Retail;Medio
943;23925.91;1267.28;20;63;170.7;estándar;Masculino;No;Tecnología;Alto
944;20553.71;1114.2;62;96;28.0;estándar;Femenino;Sí;Retail;Alto
945;29309.87;1355.39;64;57;79.6;Premium;Femenino;Sí;Retail;Medio
946;16184.62;1107.6;37;64;89.1;básica;Femenino;Sí;Tecnología;Alto
947;14135.14;1294.28;36;76;38.6;básica;Masculino;Sí;Tecnología;Alto
948;17886.41;1192.68;52;62;24.7;básica;Masculino;Sí;Retail;Alto
949;20794.86;1481.51;21;98;227.3;básica;Masculino;Sí;Tecnología;Bajo
950;22095.03;1187.15;22;80;93.8;estándar;Femenino;Sí;Tecnología;Medio
951;19914.44;756.74;18;84;11.7;estándar;Masculino;Sí;Finanzas;Alto
952;22584.25;1515.48;21;55;204.9;estándar;Masculino;No;Tecnología;Medio
953;15368.07;973.57;29;54;484.3;básica;Masculino;Sí;Retail;Alto
954;27496.94;1036.56;44;71;121.7;básica;Masculino;Sí;Tecnología;Medio
955;20630.32;1051.08;59;98;94.1;estándar;Masculino;No;Retail;Medio
956;26027.83;1543.61;40;72;262.9;básica;Masculino;Sí;Tecnología;Bajo
957;22542.26;666.08;42;74;375.7;estándar;Masculino;No;Finanzas;Medio
958;23055.39;1984.44;38;83;178.6;Premium;Masculino;Sí;Retail;Bajo
959;23563.95;1464.01;41;75;80.8;estándar;Femenino;No;Tecnología;Bajo
960;23014.69;1255.81;42;96;117.6;estándar;Femenino;No;Retail;Bajo
961;23892.25;1186.28;62;54;154.9;estándar;Masculino;Sí;Tecnología;Medio
962;26981.19;1271.39;63;75;35.9;básica;Femenino;Sí;Retail;Medio
963;21884.35;1330.28;49;69;81.1;estándar;No responde;Sí;Finanzas;Medio
964;24190.52;1361.3;49;55;222.5;básica;Femenino;Sí;Retail;Alto
965;20596.19;1338.9;22;55;137.6;básica;Masculino;Sí;Tecnología;Alto
966;27480.53;1222.4;53;99;73.6;estándar;Femenino;No;Retail;Medio
967;17956.23;1150.67;63;67;140.6;Premium;Femenino;Sí;Tecnología;Medio
968;29104.23;1162.18;59;53;25.1;básica;Masculino;Sí;Finanzas;Bajo
969;20819.29;1151.27;59;66;71.6;estándar;Femenino;No;Retail;Alto
970;14561.51;1483.44;56;63;199.1;Premium;Femenino;Sí;Tecnología;Alto
971;21576.47;1348.39;33;63;39.9;Premium;Femenino;No;Tecnología;Medio
972;17935.27;464.9;50;62;34.7;estándar;Masculino;No;Finanzas;Medio
973;24782.9;1363.98;38;56;371.5;básica;Femenino;Sí;Finanzas;Alto
974;18063.19;1248.68;26;93;38.3;Premium;Masculino;Sí;Tecnología;Bajo
975;18992.17;1195.32;23;64;46.3;básica;Masculino;Sí;Tecnología;Medio
976;12497.07;1102.87;62;68;429.3;estándar;Masculino;No;Retail;Medio
977;18964.62;1481.03;52;92;169.2;básica;Masculino;Sí;Tecnología;Bajo
978;10092.54;1436.88;56;96;154.3;estándar;Masculino;No;Tecnología;Medio
979;13872.44;1006.78;39;93;240.0;básica;Femenino;No;Tecnología;Medio
980;24421.87;1301.76;58;84;24.8;estándar;Masculino;Sí;Tecnología;Bajo
981;24536.1;957.09;22;66;156.9;básica;Femenino;No;Retail;Alto
982;22914.56;855.1;59;84;94.1;básica;Masculino;Sí;Finanzas;Medio
983;16648.61;1043.32;40;68;222.0;estándar;Femenino;No;Retail;Alto
984;20785.3;1415.6;34;69;95.1;Premium;Masculino;Sí;Tecnología;Alto
985;20983.79;1438.28;29;85;126.2;Premium;Femenino;Sí;Retail;Bajo
986;15787.36;1328.27;40;84;88.0;básica;Femenino;Sí;Retail;Medio
987;27765.29;1381.27;33;81;88.0;estándar;Masculino;No;Tecnología;Medio
988;24948.13;1329.04;20;97;185.3;estándar;Masculino;Sí;Finanzas;Bajo
989;20005.66;1039.63;47;93;128.8;básica;Femenino;Sí;Retail;Bajo
990;21120.99;1307.98;39;89;130.4;básica;Masculino;Sí;Finanzas;Bajo
991;21937.72;1400.1;26;73;81.8;estándar;Masculino;Sí;Retail;Medio
992;11812.19;1388.57;46;66;100.9;Premium;No responde;No;Retail;Medio
993;19887.7;1497.23;64;56;174.3;estándar;Masculino;No;Tecnología;Alto
994;17931.07;1377.08;54;92;219.8;estándar;Femenino;Sí;Retail;Medio
995;16492.71;1287.86;40;99;153.1;estándar;Femenino;Sí;Tecnología;Medio
996;19735.05;1467.54;30;50;319.4;básica;Masculino;Sí;Finanzas;Medio
997;29089.59;1193.37;49;84;216.0;estándar;Masculino;Sí;Finanzas;Medio
998;23883.79;979.53;63;81;109.0;estándar;Femenino;Sí;Finanzas;Bajo
999;18429.69;1159.23;64;85;143.6;básica;Femenino;Sí;Retail;Medio
1000;23576.62;1013.77;65;62;322.9;Premium;Masculino;Sí;Finanzas;Medio
